h,n,annuli,L,U,switch_width,margin_from_previous
365,730,4,1596122112921,3577546733067,215457655,
366,732,4,1617277641136,3627678135118,215457655,1960269091932
367,734,4,1638624047829,3678402298271,215457655,1989054087290
368,736,4,1660162425226,3729724573366,215457655,2018239873046
369,738,4,1681893868543,3781650343473,215457655,2047830704824
370,740,4,1703819475986,3834185023988,215457655,2077830867488
371,742,4,1725940348751,3887334062729,215457655,2108244675238
372,744,4,1748257591024,3941102940032,215457655,2139076471706
373,746,4,1770772309981,3995497168847,215457655,2170330630052
374,748,4,1793485615788,4050522294834,215457655,2202011553060
375,750,4,1816398621601,4106183896459,215457655,2234123673234
376,752,4,1839512443566,4162487585090,215457655,2266671452894
377,754,4,1862828200819,4219439005093,215457655,2299659384272
378,756,4,1886347015486,4277043833928,215457655,2333091989608
379,758,4,1910070012683,4335307782245,215457655,2366973821246
380,760,4,1933998320516,4394236593980,215457655,2401309461730
381,762,4,1958133070081,4453836046451,215457655,2436103523900
382,764,4,1982475395464,4514111950454,215457655,2471360650988
383,766,4,2007026433741,4575070150359,215457655,2507085516714
384,768,4,2031787324978,4636716524206,215457655,2543282825382
385,770,4,2056759212231,4699056983801,215457655,2579957311976
386,772,4,2081943241546,4762097474812,215457655,2617113742256
387,774,4,2107340561959,4825843976865,215457655,2654756912854
388,776,4,2132952325496,4890302503640,215457655,2692891651370
389,778,4,2158779687173,4955479102967,215457655,2731522816468
390,780,4,2184823804996,5021379856922,215457655,2770655297972
391,782,4,2211085839961,5088010881923,215457655,2810294016962
392,784,4,2237566956054,5155378328826,215457655,2850443925870
393,786,4,2264268320251,5223488383021,215457655,2891110008576
394,788,4,2291191102518,5292347264528,215457655,2932297280504
395,790,4,2318336475811,5361961228093,215457655,2974010788718
396,792,4,2345705616076,5432336563284,215457655,3016255612018
397,794,4,2373299702249,5503479594587,215457655,3059036861036
398,796,4,2401119916256,5575396681502,215457655,3102359678332
399,798,4,2429167443013,5648094218639,215457655,3146229238490
400,800,4,2457443470426,5721578635814,215457655,3190650748214
401,802,4,2485949189391,5795856398145,215457655,3235629446424
402,804,4,2514685793794,5870934006148,215457655,3281170604352
403,806,4,2543654480511,5946817995833,215457655,3327279525638
404,808,4,2572856449408,6023514938800,215457655,3373961546426
405,810,4,2602292903341,6101031442335,215457655,3421222035460
406,812,4,2631965048156,6179374149506,215457655,3469066394180
407,814,4,2661874092689,6258549739259,215457655,3517500056818
408,816,4,2692021248766,6338564926514,215457655,3566528490494
409,818,4,2722407731203,6419426462261,215457655,3616157195312
410,820,4,2753034757806,6501141133656,215457655,3666391704456
411,822,4,2783903549371,6583715764117,215457655,3717237584286
412,824,4,2815015329684,6667157213420,215457655,3768700434434
413,826,4,2846371325521,6751472377795,215457655,3820785887900
414,828,4,2877972766648,6836668190022,215457655,3873499611148
415,830,4,2909820885821,6922751619527,215457655,3926847304202
416,832,4,2941916918786,7009729672478,215457655,3980834700742
417,834,4,2974262104279,7097609391881,215457655,4035467568200
418,836,4,3006857684026,7186397857676,215457655,4090751707856
419,838,4,3039704902743,7276102186833,215457655,4146692954934
420,840,4,3072805008136,7366729533448,215457655,4203297178698
421,842,4,3106159250901,7458287088839,215457655,4260570282548
422,844,4,3139768884724,7550782081642,215457655,4318518204116
423,846,4,3173635166281,7644221777907,215457655,4377146915362
424,848,4,3207759355238,7738613481194,215457655,4436462422670
425,850,4,3242142714251,7833964532669,215457655,4496470766944
426,852,4,3276786508966,7930282311200,215457655,4557178023704
427,854,4,3311692008019,8027574233453,215457655,4618590303182
428,856,4,3346860483036,8125847753988,215457655,4680713750418
429,858,4,3382293208633,8225110365355,215457655,4743554545356
430,860,4,3417991462416,8325369598190,215457655,4807118902940
431,862,4,3453956524981,8426633021311,215457655,4871413073210
432,864,4,3490189679914,8528908241814,215457655,4936443341398
433,866,4,3526692213791,8632202905169,215457655,5002216028024
434,868,4,3563465416178,8736524695316,215457655,5068737488992
435,870,4,3600510579631,8841881334761,215457655,5136014115686
436,872,4,3637828999696,8948280584672,215457655,5204052335066
437,874,4,3675421974909,9055730244975,215457655,5272858609764
438,876,4,3713290806796,9164238154450,215457655,5342439438180
439,878,4,3751436799873,9273812190827,215457655,5412801354578
440,880,4,3789861261646,9384460270882,215457655,5483950929182
441,882,4,3828565502611,9496190350533,215457655,5555894768272
442,884,4,3867550836254,9609010424936,215457655,5628639514280
443,886,4,3906818579051,9722928528581,215457655,5702191845886
444,888,4,3946370050468,9837952735388,215457655,5776558478114
445,890,4,3986206572961,9954091158803,215457655,5851746162428
446,892,4,4026329471976,10071351951894,215457655,5927761686828
447,894,4,4066740075949,10189743307447,215457655,6004611875946
448,896,4,4107439716306,10309273458062,215457655,6082303591142
449,898,4,4148429727463,10429950676249,215457655,6160843730600
450,900,4,4189711446826,10551783274524,215457655,6240239229424
451,902,4,4231286214791,10674779605505,215457655,6320497059734
452,904,4,4273155374744,10798948062008,215457655,6401624230762
453,906,4,4315320273061,10924297077143,215457655,6483627788948
454,908,4,4357782259108,11050835124410,215457655,6566514818036
455,910,4,4400542685241,11178570717795,215457655,6650292439170
456,912,4,4443602906806,11307512411866,215457655,6734967810990
457,914,4,4486964282139,11437668801869,215457655,6820548129728
458,916,4,4530628172566,11569048523824,215457655,6907040629304
459,918,4,4574595942403,11701660254621,215457655,6994452581422
460,920,4,4618868958956,11835512712116,215457655,7082791295666
461,922,4,4663448592521,11970614655227,215457655,7172064119596
462,924,4,4708336216384,12106974884030,215457655,7262278438844
463,926,4,4753533206821,12244602239855,215457655,7353441677210
464,928,4,4799040943098,12383505605382,215457655,7445561296758
465,930,4,4844860807471,12523693904737,215457655,7538644797912
466,932,4,4890994185186,12665176103588,215457655,7632699719552
467,934,4,4937442464479,12807961209241,215457655,7727733639110
468,936,4,4984207036576,12952058270736,215457655,7823754172666
469,938,4,5031289295693,13097476378943,215457655,7920768975044
470,940,4,5078690639036,13244224666658,215457655,8018785739908
471,942,4,5126412466801,13392312308699,215457655,8117812199858
472,944,4,5174456182174,13541748522002,215457655,8217856126526
473,946,4,5222823191331,13692542565717,215457655,8318925330672
474,948,4,5271514903438,13844703741304,215457655,8421027662280
475,950,4,5320532730651,13998241392629,215457655,8524171010654
476,952,4,5369878088116,14153164906060,215457655,8628363304514
477,954,4,5419552393969,14309483710563,215457655,8733612512092
478,956,4,5469557069336,14467207277798,215457655,8839926641228
479,958,4,5519893538333,14626345122215,215457655,8947313739466
480,960,4,5570563228066,14786906801150,215457655,9055781894150
481,962,4,5621567568631,14948901914921,215457655,9165339232520
482,964,4,5672907993114,15112340106924,215457655,9275993921808
483,966,4,5724585937591,15277231063729,215457655,9387754169334
484,968,4,5776602841128,15443584515176,215457655,9500628222602
485,970,4,5828960145781,15611410234471,215457655,9614624369396
486,972,4,5881659296596,15780718038282,215457655,9729750937876
487,974,4,5934701741609,15951517786835,215457655,9846016296674
488,976,4,5988088931846,16123819384010,215457655,9963428854990
489,978,4,6041822321323,16297632777437,215457655,10081997062688
490,980,4,6095903367046,16472967958592,215457655,10201729410392
491,982,4,6150333529011,16649834962893,215457655,10322634429582
492,984,4,6205114270204,16828243869796,215457655,10444720692690
493,986,4,6260247056601,17008204802891,215457655,10567996813196
494,988,4,6315733357168,17189727929998,215457655,10692471445724
495,990,4,6371574643861,17372823463263,215457655,10818153286138
496,992,4,6427772391626,17557501659254,215457655,10945051071638
497,994,4,6484328078399,17743772819057,215457655,11073173580856
498,996,4,6541243185106,17931647288372,215457655,11202529633952
499,998,4,6598519195663,18121135457609,215457655,11333128092710
500,1000,4,6656157596976,18312247761984,215457655,11464977860634
501,1002,4,6714159878941,18504994681615,215457655,11598087883044
502,1004,4,6772527534444,18699386741618,215457655,11732467147172
503,1006,4,6831262059361,18895434512203,215457655,11868124682258
504,1008,4,6890364952558,19093148608770,215457655,12005069559646
505,1010,4,6949837715891,19292539692005,215457655,12143310892880
506,1012,4,7009681854206,19493618467976,215457655,12282857837800
507,1014,4,7069898875339,19696395688229,215457655,12423719592638
508,1016,4,7130490290116,19900882149884,215457655,12565905398114
509,1018,4,7191457612353,20107088695731,215457655,12709424537532
510,1020,4,7252802358856,20315026214326,215457655,12854286336876
511,1022,4,7314526049421,20524705640087,215457655,13000500164906
512,1024,4,7376630206834,20736137953390,215457655,13148075433254
513,1026,4,7439116356871,20949334180665,215457655,13297021596520
514,1028,4,7501986028298,21164305394492,215457655,13447348152368
515,1030,4,7565240752871,21381062713697,215457655,13599064641622
516,1032,4,7628882065336,21599617303448,215457655,13752180648362
517,1034,4,7692911503429,21819980375351,215457655,13906705800020
518,1036,4,7757330607876,22042163187546,215457655,14062649767476
519,1038,4,7822140922393,22266177044803,215457655,14220022265154
520,1040,4,7887343993686,22492033298618,215457655,14378833051118
521,1042,4,7952941371451,22719743347309,215457655,14539091927168
522,1044,4,8018934608374,22949318636112,215457655,14700808738936
523,1046,4,8085325260131,23180770657277,215457655,14863993375982
524,1048,4,8152114885388,23414110950164,215457655,15028655771890
525,1050,4,8219305045801,23649351101339,215457655,15194805904364
526,1052,4,8286897306016,23886502744670,215457655,15362453795324
527,1054,4,8354893233669,24125577561423,215457655,15531609511002
528,1056,4,8423294399386,24366587280358,215457655,15702283162038
529,1058,4,8492102376783,24609543677825,215457655,15874484903576
530,1060,4,8561318742466,24854458577860,215457655,16048224935360
531,1062,4,8630945076031,25101343852281,215457655,16223513501830
532,1064,4,8700982960064,25350211420784,215457655,16400360892218
533,1066,5,9984993044152,24387514187028,1607941615,15365218376633
534,1068,5,10076363691439,24619877392175,1607941615,14311150495590
535,1070,5,10168300545906,24854109047706,1607941615,14451576846270
536,1072,5,10260805829243,25090220638645,1607941615,14593303218464
537,1074,5,10353881767306,25328223697198,1607941615,14736338871340
538,1076,5,10447530590117,25568129802849,1607941615,14880693107082
539,1078,5,10541754531864,25809950582456,1607941615,15026375270986
540,1080,5,10636555830901,26053697710347,1607941615,15173394751556
541,1082,5,10731936729748,26299382908416,1607941615,15321760980600
542,1084,5,10827899475091,26547017946219,1607941615,15471483433326
543,1086,5,10924446317782,26796614641070,1607941615,15622571628438
544,1088,5,11021579512839,27048184858137,1607941615,15775035128232
545,1090,5,11119301319446,27301740510538,1607941615,15928883538692
546,1092,5,11217614000953,27557293559437,1607941615,16084126509586
547,1094,5,11316519824876,27814856014140,1607941615,16240773734562
548,1096,5,11416021062897,28074439932191,1607941615,16398834951244
549,1098,5,11516119990864,28336057419468,1607941615,16558319941328
550,1100,5,11616818888791,28599720630279,1607941615,16719238530678
551,1102,5,11718120040858,28865441767458,1607941615,16881600589422
552,1104,5,11820025735411,29133233082461,1607941615,17045416032048
553,1106,5,11922538264962,29403106875462,1607941615,17210694817500
554,1108,5,12025659926189,29675075495449,1607941615,17377446949274
555,1110,5,12129393019936,29949151340320,1607941615,17545682475514
556,1112,5,12233739851213,30225346856979,1607941615,17715411489108
557,1114,5,12338702729196,30503674541432,1607941615,17886644127784
558,1116,5,12444283967227,30784146938883,1607941615,18059390574206
559,1118,5,12550485882814,31066776643830,1607941615,18233661056070
560,1120,5,12657310797631,31351576300161,1607941615,18409465846200
561,1122,5,12764761037518,31638558601250,1607941615,18586815262644
562,1124,5,12872838932481,31927736290053,1607941615,18765719668770
563,1126,5,12981546816692,32219122159204,1607941615,18946189473362
564,1128,5,13090887028489,32512729051111,1607941615,19128235130716
565,1130,5,13200861910376,32808569858052,1607941615,19311867140736
566,1132,5,13311473809023,33106657522271,1607941615,19497096049030
567,1134,5,13422725075266,33407005036074,1607941615,19683932447006
568,1136,5,13534618064107,33709625441925,1607941615,19872386971968
569,1138,5,13647155134714,34014531832542,1607941615,20062470307212
570,1140,5,13760338650421,34321737350993,1607941615,20254193182122
571,1142,5,13874170978728,34631255190792,1607941615,20447566372266
572,1144,5,13988654491301,34943098595995,1607941615,20642600699492
573,1146,5,14103791563972,35257280861296,1607941615,20839307032024
574,1148,5,14219584576739,35573815332123,1607941615,21037696284558
575,1150,5,14336035913766,35892715404734,1607941615,21237779418358
576,1152,5,14453147963383,36213994526313,1607941615,21439567441352
577,1154,5,14570923118086,36537666195066,1607941615,21643071408228
578,1156,5,14689363774537,36863743960317,1607941615,21848302420530
579,1158,5,14808472333564,37192241422604,1607941615,22055271626754
580,1160,5,14928251200161,37523172233775,1607941615,22263990222444
581,1162,5,15048702783488,37856550097084,1607941615,22474469450288
582,1164,5,15169829496871,38192388767287,1607941615,22686720600214
583,1166,5,15291633757802,38530702050738,1607941615,22900755009486
584,1168,5,15414117987939,38871503805485,1607941615,23116584062800
585,1170,5,15537284613106,39214807941366,1607941615,23334219192380
586,1172,5,15661136063293,39560628420105,1607941615,23553671878074
587,1174,5,15785674772656,39908979255408,1607941615,23774953647450
588,1176,5,15910903179517,40259874513059,1607941615,23998076075892
589,1178,5,16036823726364,40613328311016,1607941615,24223050786696
590,1180,5,16163438859851,40969354819507,1607941615,24449889451166
591,1182,5,16290751030798,41327968261126,1607941615,24678603788710
592,1184,5,16418762694191,41689182910929,1607941615,24909205566936
593,1186,5,16547476309182,42053013096530,1607941615,25141706601748
594,1188,5,16676894339089,42419473198197,1607941615,25376118757442
595,1190,5,16807019251396,42788577648948,1607941615,25612453946802
596,1192,5,16937853517753,43160340934647,1607941615,25850724131196
597,1194,5,17069399613976,43534777594100,1607941615,26090941320672
598,1196,5,17201660020047,43911902219151,1607941615,26333117574054
599,1198,5,17334637220114,44291729454778,1607941615,26577264999038
600,1200,5,17468333702491,44674273999189,1607941615,26823395752288
601,1202,5,17602751959658,45059550603918,1607941615,27071522039532
602,1204,5,17737894488261,45447574073921,1607941615,27321656115658
603,1206,5,17873763789112,45838359267672,1607941615,27573810284810
604,1208,5,18010362367189,46231921097259,1607941615,27827996900484
605,1210,5,18147692731636,46628274528480,1607941615,28084228365624
606,1212,5,18285757395763,47027434580939,1607941615,28342517132718
607,1214,5,18424558877046,47429416328142,1607941615,28602875703894
608,1216,5,18564099697127,47834234897593,1607941615,28865316631016
609,1218,5,18704382381814,48241905470890,1607941615,29129852515780
610,1220,5,18845409461081,48652443283821,1607941615,29396496009810
611,1222,5,18987183469068,49065863626460,1607941615,29665259814754
612,1224,5,19129706944081,49482181843263,1607941615,29936156682380
613,1226,5,19272982428592,49901413333164,1607941615,30209199414672
614,1228,5,19417012469239,50323573549671,1607941615,30484400863926
615,1230,5,19561799616826,50748678000962,1607941615,30761773932846
616,1232,5,19707346426323,51176742249981,1607941615,31041331574640
617,1234,5,19853655456866,51607781914534,1607941615,31323086793116
618,1236,5,20000729271757,52041812667385,1607941615,31607052642778
619,1238,5,20148570438464,52478850236352,1607941615,31893242228922
620,1240,5,20297181528621,52918910404403,1607941615,32181668707732
621,1242,5,20446565118028,53362009009752,1607941615,32472345286376
622,1244,5,20596723786651,53808161945955,1607941615,32765285223102
623,1246,5,20747660118622,54257385162006,1607941615,33060501827334
624,1248,5,20899376702239,54709694662433,1607941615,33358008459768
625,1250,5,21051876129966,55165106507394,1607941615,33657818532468
626,1252,5,21205160998433,55623636812773,1607941615,33959945508962
627,1254,5,21359233908436,56085301750276,1607941615,34264402904338
628,1256,5,21514097464937,56550117547527,1607941615,34571204285340
629,1258,5,21669754277064,57018100488164,1607941615,34880363270464
630,1260,5,21826206958111,57489266911935,1607941615,35191893530054
631,1262,5,21983458125538,57963633214794,1607941615,35505808786398
632,1264,5,22141510400971,58441215848997,1607941615,35822122813824
633,1266,5,22300366410202,58922031323198,1607941615,36140849438796
634,1268,5,22460028783189,59406096202545,1607941615,36462002540010
635,1270,5,22620500154056,59893427108776,1607941615,36785596048490
636,1272,5,22781783161093,60384040720315,1607941615,37111643947684
637,1274,5,22943880446756,60877953772368,1607941615,37440160273560
638,1276,5,23106794657667,61375183057019,1607941615,37771159114702
639,1278,5,23270528444614,61875745423326,1607941615,38104654612406
640,1280,5,23435084462551,62379657777417,1607941615,38440660960776
641,1282,5,23600465370598,62886937082586,1607941615,38779192406820
642,1284,5,23766673832041,63397600359389,1607941615,39120263250546
643,1286,5,23933712514332,63911664685740,1607941615,39463887845058
644,1288,5,24101584089089,64429147197007,1607941615,39810080596652
645,1290,5,24270291232096,64950065086108,1607941615,40158855964912
646,1292,5,24439836623303,65474435603607,1607941615,40510228462806
647,1294,5,24610222946826,66002276057810,1607941615,40864212656782
648,1296,5,24781452890947,66533603814861,1607941615,41220823166864
649,1298,5,24953529148114,67068436298838,1607941615,41580074666748
650,1300,5,25126454414941,67606790991849,1607941615,41941981883898
651,1302,5,25300231392208,68148685434128,1607941615,42306559599642
652,1304,5,25474862784861,68694137224131,1607941615,42673822649268
653,1306,5,25650351302012,69243164018632,1607941615,43043785922120
654,1308,5,25826699656939,69795783532819,1607941615,43416464361694
655,1310,5,26003910567086,70352013540390,1607941615,43791872965734
656,1312,5,26181986754063,70911871873649,1607941615,44170026786328
657,1314,5,26360930943646,71475376423602,1607941615,44550940930004
658,1316,5,26540745865777,72042545140053,1607941615,44934630557826
659,1318,5,26721434254564,72613396031700,1607941615,45321110885490
660,1320,5,26902998848281,73187947166231,1607941615,45710397183420
661,1322,5,27085442389368,73766216670420,1607941615,46102504776864
662,1324,5,27268767624431,74348222730223,1607941615,46497449045990
663,1326,5,27452977304242,74933983590874,1607941615,46895245425982
664,1328,5,27638074183739,75523517556981,1607941615,47295909407136
665,1330,5,27824061022026,76116842992622,1607941615,47699456534956
666,1332,5,28010940582373,76713978321441,1607941615,48105902410250
667,1334,5,28198715632216,77314942026744,1607941615,48515262689226
668,1336,5,28387388943157,77919752651595,1607941615,48927553083588
669,1338,5,28576963290964,78528428798912,1607941615,49342789360632
670,1340,5,28767441455571,79140989131563,1607941615,49760987343342
671,1342,5,28958826221078,79757452372462,1607941615,50182162910486
672,1344,5,29151120375751,80377837304665,1607941615,50606331996712
673,1346,5,29344326712022,81002162771466,1607941615,51033510592644
674,1348,5,29538448026489,81630447676493,1607941615,51463714744978
675,1350,5,29733487119916,82262710983804,1607941615,51896960556578
676,1352,5,29929446797233,82898971717983,1607941615,52333264186572
677,1354,5,30126329867536,83539248964236,1607941615,52772641850448
678,1356,5,30324139144087,84183561868487,1607941615,53215109820150
679,1358,5,30522877444314,84831929637474,1607941615,53660684424174
680,1360,5,30722547589811,85484371538845,1607941615,54109382047664
681,1362,5,30923152406338,86140906901254,1607941615,54561219132508
682,1364,5,31124694723821,86801555114457,1607941615,55016212177434
683,1366,5,31327177376352,87466335629408,1607941615,55474377738106
684,1368,5,31530603202189,88135267958355,1607941615,55935732427220
685,1370,5,31734975043756,88808371674936,1607941615,56400292914600
686,1372,5,31940295747643,89485666414275,1607941615,56868075927294
687,1374,5,32146568164606,90167171873078,1607941615,57339098249670
688,1376,5,32353795149567,90852907809729,1607941615,57813376723512
689,1378,5,32561979561614,91542894044386,1607941615,58290928248116
690,1380,5,32771124264001,92237150459077,1607941615,58771769780386
691,1382,5,32981232124148,92935696997796,1607941615,59255918334930
692,1384,5,33192306013641,93638553666599,1607941615,59743390984156
693,1386,5,33404348808232,94345740533700,1607941615,60234204858368
694,1388,5,33617363387839,95057277729567,1607941615,60728377145862
695,1390,5,33831352636546,95773185447018,1607941615,61225925093022
696,1392,5,34046319442603,96493483941317,1607941615,61726866004416
697,1394,5,34262266698426,97218193530270,1607941615,62231217242892
698,1396,5,34479197300597,97947334594321,1607941615,62738996229674
699,1398,5,34697114149864,98680927576648,1607941615,63250220444458
700,1400,5,34916020151141,99418992983259,1607941615,63764907425508
701,1402,5,35135918213508,100161551383088,1607941615,64283074769752
702,1404,5,35356811250211,100908623408091,1607941615,64804740132878
703,1406,5,35578702178662,101660229753342,1607941615,65329921229430
704,1408,5,35801593920439,102416391177129,1607941615,65858635832904
705,1410,5,36025489401286,103177128501050,1607941615,66390901775844
706,1412,5,36250391551113,103942462610109,1607941615,66926736949938
707,1414,5,36476303303996,104712414452812,1607941615,67466159306114
708,1416,5,36703227598177,105487005041263,1607941615,68009186854636
709,1418,5,36931167376064,106266255451260,1607941615,68555837665200
710,1420,5,37160125584231,107050186822391,1607941615,69106129867030
711,1422,5,37390105173418,107838820358130,1607941615,69660081648974
712,1424,5,37621109098531,108632177325933,1607941615,70217711259600
713,1426,5,37853140318642,109430279057334,1607941615,70779037007292
714,1428,5,38086201796989,110233146948041,1607941615,71344077260346
715,1430,5,38320296500976,111040802458032,1607941615,71912850447066
716,1432,5,38555427402173,111853267111651,1607941615,72485375055860
717,1434,5,38791597476316,112670562497704,1607941615,73061669635336
718,1436,5,39028809703307,113492710269555,1607941615,73641752794398
719,1438,5,39267067067214,114319732145222,1607941615,74225643202342
720,1440,5,39506372556271,115151649907473,1607941615,74813359588952
721,1442,5,39746729162878,115988485403922,1607941615,75404920744596
722,1444,5,39988139883601,116830260547125,1607941615,76000345520322
723,1446,5,40230607719172,117676997314676,1607941615,76599652827954
724,1448,5,40474135674489,118528717749303,1607941615,77202861640188
725,1450,5,40718726758616,119385443958964,1607941615,77809990990688
726,1452,5,40964383984783,120247198116943,1607941615,78421059974182
727,1454,5,41211110370386,121114002461946,1607941615,79036087746558
728,1456,5,41458908936987,121985879298197,1607941615,79655093524960
729,1458,5,41707782710314,122862850995534,1607941615,80278096587884
730,1460,5,41957734720261,123744939989505,1607941615,80905116275274
731,1462,5,42208768000888,124632168781464,1607941615,81536171988618
732,1464,5,42460885590421,125524559938667,1607941615,82171283191044
733,1466,5,42714090531252,126422136094368,1607941615,82810469407416
734,1468,5,42968385869939,127324919947915,1607941615,83453750224430
735,1470,5,43223774657206,128232934264846,1607941615,84101145290710
736,1472,5,43480259947943,129146201876985,1607941615,84752674316904
737,1474,5,43737844801206,130064745682538,1607941615,85408357075780
738,1476,5,43996532280217,130988588646189,1607941615,86068213402322
739,1478,5,44256325452364,131917753799196,1607941615,86732263193826
740,1480,5,44517227389201,132852264239487,1607941615,87400526409996
741,1482,5,44779241166448,133792143131756,1607941615,88073023073040
742,1484,5,45042369863991,134737413707559,1607941615,88749773267766
743,1486,5,45306616565882,135688099265410,1607941615,89430797141678
744,1488,5,45571984360339,136644223170877,1607941615,90116114905072
745,1490,5,45838476339746,137605808856678,1607941615,90805746831132
746,1492,5,46106095600653,138572879822777,1607941615,91499713256026
747,1494,5,46374845243776,139545459636480,1607941615,92198034579002
748,1496,5,46644728373997,140523571932531,1607941615,92900731262484
749,1498,5,46915748100364,141507240413208,1607941615,93607823832168
750,1500,5,47187907536091,142496488848419,1607941615,94319332877118
751,1502,5,47461209798558,143491341075798,1607941615,95035279049862
752,1504,5,47735658009311,144491821000801,1607941615,95755683066488
753,1506,5,48011255294062,145497952596802,1607941615,96480565706740
754,1508,5,48288004782689,146509759905189,1607941615,97209947814114
755,1510,5,48565909609236,147527267035460,1607941615,97943850295954
756,1512,5,48844972911913,148550498165319,1607941615,98682294123548
757,1514,5,49125197833096,149579477540772,1607941615,99425300332224
758,1516,5,49406587519327,150614229476223,1607941615,100172890021446
759,1518,5,49689145121314,151654778354570,1607941615,100925084354910
760,1520,5,49972873793931,152701148627301,1607941615,101681904560640
761,1522,5,50257776696218,153753364814590,1607941615,102443371931084
762,1524,5,50543856991381,154811451505393,1607941615,103209507823210
763,1526,5,50831117846792,155875433357544,1607941615,103980333658602
764,1528,5,51119562433989,156945335097851,1607941615,104755870923556
765,1530,5,51409193928676,158021181522192,1607941615,105536141169176
766,1532,5,51700015510723,159102997495611,1607941615,106321166011470
767,1534,5,51992030364166,160190807952414,1607941615,107110967131446
768,1536,5,52285241677207,161284637896265,1607941615,107905566275208
769,1538,5,52579652642214,162384512400282,1607941615,108704985254052
770,1540,5,52875266455721,163490456607133,1607941615,109509245944562
771,1542,5,53172086318428,164602495729132,1607941615,110318370288706
772,1544,5,53470115435201,165720655048335,1607941615,111132380293932
773,1546,5,53769357015072,166844959916636,1607941615,111951298033264
774,1548,5,54069814271239,167975435755863,1607941615,112775145645398
775,1550,5,54371490421066,169112108057874,1607941615,113603945334798
776,1552,5,54674388686083,170255002384653,1607941615,114437719371792
777,1554,5,54978512291986,171404144368406,1607941615,115276490092668
778,1556,5,55283864468637,172559559711657,1607941615,116120279899770
779,1558,5,55590448450064,173721274187344,1607941615,116969111261594
780,1560,5,55898267474461,174889313638915,1607941615,117823006712884
781,1562,5,56207324784188,176063703980424,1607941615,118681988854728
782,1564,5,56517623625771,177244471196627,1607941615,119546080354654
783,1566,5,56829167249902,178431641343078,1607941615,120415303946726
784,1568,5,57141958911439,179625240546225,1607941615,121289682431640
785,1570,5,57456001869406,180825295003506,1607941615,122169238676820
786,1572,5,57771299386993,182031830983445,1607941615,123053995616514
787,1574,5,58087854731556,183244874825748,1607941615,123943976251890
788,1576,5,58405671174617,184464452941399,1607941615,124839203651132
789,1578,6,67827270353432,176588073451188,12672515567,116637182587968
790,1580,6,68249495953167,177718922503631,12672515567,108338577498022
791,1582,6,68673493595538,178855884386426,12672515567,109045428908094
792,1584,6,69099267983131,179998984382229,12672515567,109756616403296
793,1586,6,69526823824490,181148247843662,12672515567,110472160557740
794,1588,6,69956165834117,182303700193409,12672515567,111192082009546
795,1590,6,70387298732472,183465366924312,12672515567,111916401460938
796,1592,6,70820227245973,184633273599467,12672515567,112645139678340
797,1594,6,71254956106996,185807445852320,12672515567,113378317492472
798,1596,6,71691490053875,186987909386763,12672515567,114115955798446
799,1598,6,72129833830902,188174689977230,12672515567,114858075555862
800,1600,6,72569992188327,189367813468793,12672515567,115604697788904
801,1602,6,73011969882358,190567305777258,12672515567,116355843586436
802,1604,6,73455771675161,191773192889261,12672515567,117111534102098
803,1606,6,73901402334860,192985500862364,12672515567,117871790554402
804,1608,6,74348866635537,194204255825151,12672515567,118636634226828
805,1610,6,74798169357232,195429483977324,12672515567,119406086467920
806,1612,6,75249315285943,196661211589799,12672515567,120180168691382
807,1614,6,75702309213626,197899465004802,12672515567,120958902376174
808,1616,6,76157155938195,199144270635965,12672515567,121742309066608
809,1618,6,76613860263522,200395654968422,12672515567,122530410372444
810,1620,6,77072426999437,201653644558905,12672515567,123323227968986
811,1622,6,77532860961728,202918266035840,12672515567,124120783597178
812,1624,6,77995166972141,204189546099443,12672515567,124923099063700
813,1626,6,78459349858380,205467511521816,12672515567,125730196241064
814,1628,6,78925414454107,206752189147043,12672515567,126542097067710
815,1630,6,79393365598942,208043605891286,12672515567,127358823548102
816,1632,6,79863208138463,209341788742881,12672515567,128180397752824
817,1634,6,80334946924206,210646764762434,12672515567,129006841818676
818,1636,6,80808586813665,211958561082917,12672515567,129838177948770
819,1638,6,81284132670292,213277204909764,12672515567,130674428412626
820,1640,6,81761589363497,214602723520967,12672515567,131515615546268
821,1642,6,82240961768648,215935144267172,12672515567,132361761752320
822,1644,6,82722254767071,217274494571775,12672515567,133212889500102
823,1646,6,83205473246050,218620801931018,12672515567,134069021325726
824,1648,6,83690622098827,219974093914085,12672515567,134930179832192
825,1650,6,84177706224602,221334398163198,12672515567,135796387689484
826,1652,6,84666730528533,222701742393713,12672515567,136667667634666
827,1654,6,85157699921736,224076154394216,12672515567,137544042471978
828,1656,6,85650619321285,225457662026619,12672515567,138425535072932
829,1658,6,86145493650212,226846293226256,12672515567,139312168376408
830,1660,6,86642327837507,228242076001979,12672515567,140203965388750
831,1662,6,87141126818118,229645038436254,12672515567,141100949183862
832,1664,6,87641895532951,231055208685257,12672515567,142003142903304
833,1666,6,88144638928870,232472614978970,12672515567,142910569756388
834,1668,6,88649361958697,233897285621277,12672515567,143823253020274
835,1670,6,89156069581212,235329248990060,12672515567,144741216040066
836,1672,6,89664766761153,236768533537295,12672515567,145664482228908
837,1674,6,90175458469216,238215167789148,12672515567,146593075068080
838,1676,6,90688149682055,239669180346071,12672515567,147527018107094
839,1678,6,91202845382282,241130599882898,12672515567,148466334963790
840,1680,6,91719550558467,242599455148941,12672515567,149411049324432
841,1682,6,92238270205138,244075774968086,12672515567,150361184943804
842,1684,6,92759009322781,245559588238889,12672515567,151316765645306
843,1686,6,93281772917840,247050923934672,12672515567,152277815321050
844,1688,6,93806566002717,248549811103619,12672515567,153244357931956
845,1690,6,94333393595772,250056278868872,12672515567,154216417507848
846,1692,6,94862260721323,251570356428627,12672515567,155194018147550
847,1694,6,95393172409646,253092073056230,12672515567,156177184018982
848,1696,6,95926133696975,254621458100273,12672515567,157165939359256
849,1698,6,96461149625502,256158540984690,12672515567,158160308474772
850,1700,6,96998225243377,257703351208853,12672515567,159160315741314
851,1702,6,97537365604708,259255918347668,12672515567,160165985604146
852,1704,6,98078575769561,260816272051671,12672515567,161177342578108
853,1706,6,98621860803960,262384442047124,12672515567,162194411247712
854,1708,6,99167225779887,263960458136111,12672515567,163217216267238
855,1710,6,99714675775282,265544350196634,12672515567,164245782360830
856,1712,6,100264215874043,267136148182709,12672515567,165280134322592
857,1714,6,100815851166026,268735882124462,12672515567,166320297016684
858,1716,6,101369586747045,270343582128225,12672515567,167366295377418
859,1718,6,101925427718872,271959278376632,12672515567,168418154409354
860,1720,6,102483379189237,273583001128715,12672515567,169475899187396
861,1722,6,103043446271828,275214780720000,12672515567,170539554856888
862,1724,6,103605634086291,276854647562603,12672515567,171609146633710
863,1726,6,104169947758230,278502632145326,12672515567,172684699804374
864,1728,6,104736392419207,280158765033753,12672515567,173766239726120
865,1730,6,105304973206742,281823076870346,12672515567,174853791827012
866,1732,6,105875695264313,283495598374541,12672515567,175947381606034
867,1734,6,106448563741356,285176360342844,12672515567,177047034633186
868,1736,6,107023583793265,286865393648927,12672515567,178152776549580
869,1738,6,107600760581392,288562729243724,12672515567,179264633067536
870,1740,6,108180099273047,290268398155527,12672515567,180382629970678
871,1742,6,108761605041498,291982431490082,12672515567,181506793114030
872,1744,6,109345283065971,293704860430685,12672515567,182637148424112
873,1746,6,109931138531650,295435716238278,12672515567,183773721899036
874,1748,6,110519176629677,297175030251545,12672515567,184916539608602
875,1750,6,111109402557152,298922833887008,12672515567,186065627694394
876,1752,6,111701821517133,300679158639123,12672515567,187221012369876
877,1754,6,112296438718636,302444036080376,12672515567,188382719920488
878,1756,6,112893259376635,304217497861379,12672515567,189550776703742
879,1758,6,113492288712062,305999575710966,12672515567,190725209149318
880,1760,6,114093531951807,307790301436289,12672515567,191906043759160
881,1762,6,114696994328718,309589706922914,12672515567,193093307107572
882,1764,6,115302681081601,311397824134917,12672515567,194287025841314
883,1766,6,115910597455220,313214685114980,12672515567,195487226679698
884,1768,6,116520748700297,315040321984487,12672515567,196693936414684
885,1770,6,117133140073512,316874766943620,12672515567,197907181910976
886,1772,6,117747776837503,318718052271455,12672515567,199126990106118
887,1774,6,118364664260866,320570210326058,12672515567,200353388010590
888,1776,6,118983807618155,322431273544581,12672515567,201586402707904
889,1778,6,119605212189882,324301274443358,12672515567,202826061354700
890,1780,6,120228883262517,326180245618001,12672515567,204072391180842
891,1782,6,120854826128488,328068219743496,12672515567,205325419489514
892,1784,6,121483046086181,329965229574299,12672515567,206585173657316
893,1786,6,122113548439940,331871307944432,12672515567,207851681134360
894,1788,6,122746338500067,333786487767579,12672515567,209124969444366
895,1790,6,123381421582822,335710802037182,12672515567,210405066184758
896,1792,6,124018803010423,337644283826537,12672515567,211691999026760
897,1794,6,124658488111046,339586966288890,12672515567,212985795715492
898,1796,6,125300482218825,341538882657533,12672515567,214286484070066
899,1798,6,125944790673852,343500066245900,12672515567,215594091983682
900,1800,6,126591418822177,345470550447663,12672515567,216908647423724
901,1802,6,127240372015808,347450368736828,12672515567,218230178431856
902,1804,6,127891655612711,349439554667831,12672515567,219558713124118
903,1806,6,128545274976810,351438141875634,12672515567,220894279691022
904,1808,6,129201235477987,353446164075821,12672515567,222236906397648
905,1810,6,129859542492082,355463655064694,12672515567,223586621583740
906,1812,6,130520201400893,357490648719369,12672515567,224943453663802
907,1814,6,131183217592176,359527178997872,12672515567,226307431127194
908,1816,6,131848596459645,361573279939235,12672515567,227678582538228
909,1818,6,132516343402972,363628985663592,12672515567,229056936536264
910,1820,6,133186463827787,365694330372275,12672515567,230442521835806
911,1822,6,133858963145678,367769348347910,12672515567,231835367226598
912,1824,6,134533846774191,369854073954513,12672515567,233235501573720
913,1826,6,135211120136830,371948541637586,12672515567,234642953817684
914,1828,6,135890788663057,374052785924213,12672515567,236057752974530
915,1830,6,136572857788292,376166841423156,12672515567,237479928135922
916,1832,6,137257332953913,378290742824951,12672515567,238909508469244
917,1834,6,137944219607256,380424524902004,12672515567,240346523217696
918,1836,6,138633523201615,382568222508687,12672515567,241791001700390
919,1838,6,139325249196242,384721870581434,12672515567,243242973312446
920,1840,6,140019403056347,386885504138837,12672515567,244702467525088
921,1842,6,140715990253098,389059158281742,12672515567,246169513885740
922,1844,6,141415016263621,391242868193345,12672515567,247644142018122
923,1846,6,142116486571000,393436669139288,12672515567,249126381622346
924,1848,6,142820406664277,395640596467755,12672515567,250616262475012
925,1850,6,143526782038452,397854685609568,12672515567,252113814429304
926,1852,6,144235618194483,400078972078283,12672515567,253619067415086
927,1854,6,144946920639286,402313491470286,12672515567,255132051438998
928,1856,6,145660694885735,404558279464889,12672515567,256652796584552
929,1858,6,146376946452662,406813371824426,12672515567,258181333012228
930,1860,6,147095680864857,409078804394349,12672515567,259717690959570
931,1862,6,147816903653068,411354613103324,12672515567,261261900741282
932,1864,6,148540620354001,413640833963327,12672515567,262813992749324
933,1866,6,149266836510320,415937503069740,12672515567,264373997453008
934,1868,6,149995557670647,418244656601447,12672515567,265941945399094
935,1870,6,150726789389562,420562330820930,12672515567,267517867211886
936,1872,6,151460537227603,422890562074365,12672515567,269101793593328
937,1874,6,152196806751266,425229386791718,12672515567,270693755323100
938,1876,6,152935603533005,427578841486841,12672515567,272293783258714
939,1878,6,153676933151232,429938962757568,12672515567,273901908335610
940,1880,6,154420801190317,432309787285811,12672515567,275518161567252
941,1882,6,155167213240588,434691351837656,12672515567,277142574045224
942,1884,6,155916174898331,437083693263459,12672515567,278775176939326
943,1886,6,156667691765790,439486848497942,12672515567,280416001497670
944,1888,6,157421769451167,441900854560289,12672515567,282065079046776
945,1890,6,158178413568622,444325748554242,12672515567,283722440991668
946,1892,6,158937629738273,446761567668197,12672515567,285388118815970
947,1894,6,159699423586196,449208349175300,12672515567,287062144082002
948,1896,6,160463800744425,451666130433543,12672515567,288744548430876
949,1898,6,161230766850952,454134948885860,12672515567,290435363582592
950,1900,6,162000327549727,456614842060223,12672515567,292134621336134
951,1902,6,162772488490658,459105847569738,12672515567,293842353569566
952,1904,6,163547255329611,461608003112741,12672515567,295558592240128
953,1906,6,164324633728410,464121346472894,12672515567,297283369384332
954,1908,6,165104629354837,466645915519281,12672515567,299016717118058
955,1910,6,165887247882632,469181748206504,12672515567,300758667636650
956,1912,6,166672494991493,471728882574779,12672515567,302509253215012
957,1914,6,167460376367076,474287356750032,12672515567,304268506207704
958,1916,6,168250897700995,476857208943995,12672515567,306036459049038
959,1918,6,169044064690822,479438477454302,12672515567,307813144253174
960,1920,6,169839883040087,482031200664585,12672515567,309598594414216
961,1922,6,170638358458278,484635417044570,12672515567,311392842206308
962,1924,6,171439496660841,487251165150173,12672515567,313195920383730
963,1926,6,172243303369180,489878483623596,12672515567,315007861780994
964,1928,6,173049784310657,492517411193423,12672515567,316828699312940
965,1930,6,173858945218592,495167986674716,12672515567,318658465974832
966,1932,6,174670791832263,497830248969111,12672515567,320497194842454
967,1934,6,175485329896906,500504237064914,12672515567,322344919072206
968,1936,6,176302565163715,503189990037197,12672515567,324201671901200
969,1938,6,177122503389842,505887547047894,12672515567,326067486647356
970,1940,6,177945150338397,508596947345897,12672515567,327942396709498
971,1942,6,178770511778448,511318230267152,12672515567,329826435567450
972,1944,6,179598593485021,514051435234755,12672515567,331719636782132
973,1946,6,180429401239100,516796601759048,12672515567,333622033995656
974,1948,6,181262940827627,519553769437715,12672515567,335533660931422
975,1950,6,182099218043502,522322977955878,12672515567,337454551394214
976,1952,6,182938238685583,525104267086193,12672515567,339384739270296
977,1954,6,183780008558686,527897676688946,12672515567,341324258527508
978,1956,6,184624533473585,530703246712149,12672515567,343273143215362
979,1958,6,185471819247012,533521017191636,12672515567,345231427465138
980,1960,6,186321871701657,536351028251159,12672515567,347199145489980
981,1962,6,187174696666168,539193320102484,12672515567,349176331584992
982,1964,6,188030299975151,542047933045487,12672515567,351163020127334
983,1966,6,188888687469170,544914907468250,12672515567,353159245576318
984,1968,6,189749864994747,547794283847157,12672515567,355165042473504
985,1970,6,190613838404362,550686102746990,12672515567,357180445442796
986,1972,6,191480613556453,553590404821025,12672515567,359205489190538
987,1974,6,192350196315416,556507230811128,12672515567,361240208505610
988,1976,6,193222592551605,559436621547851,12672515567,363284638259524
989,1978,6,194097808141332,562378617950528,12672515567,365338813406520
990,1980,6,194975848966867,565333261027371,12672515567,367402768983662
991,1982,6,195856720916438,568300591875566,12672515567,369476540110934
992,1984,6,196740429884231,571280651681369,12672515567,371560161991336
993,1986,6,197626981770390,574273481720202,12672515567,373653669910980
994,1988,6,198516382481017,577279123356749,12672515567,375757099239186
995,1990,6,199408637928172,580297618045052,12672515567,377870485428578
996,1992,6,200303754029873,583329007328607,12672515567,379993864015180
997,1994,6,201201736710096,586373332840460,12672515567,382127270618512
998,1996,6,202102591898775,589430636303303,12672515567,384270740941686
999,1998,6,203006325531802,592500959529570,12672515567,386424310771502
1000,2000,6,203912943551027,595584344421533,12672515567,388588015978544
1001,2002,6,204822451904258,598680832971398,12672515567,390761892517276
1002,2004,6,205734856545261,601790467261401,12672515567,392945976426138
1003,2006,6,206650163433760,604913289463904,12672515567,395140303827642
1004,2008,6,207568378535437,608049341841491,12672515567,397344910928468
1005,2010,6,208489507821932,611198666747064,12672515567,399559834019560
1006,2012,6,209413557270843,614361306623939,12672515567,401785109476222
1007,2014,6,210340532865726,617537304005942,12672515567,404020773758214
1008,2016,6,211270440596095,620726701517505,12672515567,406266863409848
1009,2018,6,212203286457422,623929541873762,12672515567,408523415060084
1010,2020,6,213139076451137,627145867880645,12672515567,410790465422626
1011,2022,6,214077816584628,630375722434980,12672515567,413068051296018
1012,2024,6,215019512871241,633619148524583,12672515567,415356209563740
1013,2026,6,215964171330280,636876189228356,12672515567,417654977194304
1014,2028,6,216911797987007,640146887716383,12672515567,419964391241350
1015,2030,6,217862398872642,643431287250026,12672515567,422284488843742
1016,2032,6,218815980024363,646729431182021,12672515567,424615307225664
1017,2034,6,219772547485306,650041362956574,12672515567,426956883696716
1018,2036,6,220732107304565,653367126109457,12672515567,429309255652010
1019,2038,6,221694665537192,656706764268104,12672515567,431672460572266
1020,2040,6,222660228244197,660060321151707,12672515567,434046536023908
1021,2042,6,223628801492548,663427840571312,12672515567,436431519659160
1022,2044,6,224600391355171,666809366429915,12672515567,438827449216142
1023,2046,6,225575003910950,670204942722558,12672515567,441234362518966
1024,2048,6,226552645244727,673614613536425,12672515567,443652297477832
1025,2050,6,227533321447302,677038423050938,12672515567,446081292089124
1026,2052,6,228517038615433,680476415537853,12672515567,448521384435506
1027,2054,6,229503802851836,683928635361356,12672515567,450972612686018
1028,2056,6,230493620265185,687395126978159,12672515567,453435015096172
1029,2058,6,231486496970112,690875934937596,12672515567,455908630008048
1030,2060,6,232482439087207,694371103881719,12672515567,458393495850390
1031,2062,6,233481452743018,697880678545394,12672515567,460889651138702
1032,2064,6,234483544070051,701404703756397,12672515567,463397134475344
1033,2066,6,235488719206770,704943224435510,12672515567,465915984549628
1034,2068,6,236496984297597,708496285596617,12672515567,468446240137914
1035,2070,6,237508345492912,712063932346800,12672515567,470987940103706
1036,2072,6,238522808949053,715646209886435,12672515567,473541123397748
1037,2074,6,239540380828316,719243163509288,12672515567,476105829058120
1038,2076,6,240561067298955,722854838602611,12672515567,478682096210334
1039,2078,6,241584874535182,726481280647238,12672515567,481269964067430
1040,2080,6,242611808717167,730122535217681,12672515567,483869471930072
1041,2082,6,243641876031038,733778647982226,12672515567,486480659186644
1042,2084,6,244675082668881,737449664703029,12672515567,489103565313346
1043,2086,6,245711434828740,741135631236212,12672515567,491738229874290
1044,2088,6,246750938714617,744836593531959,12672515567,494384692521596
1045,2090,6,247793600536472,748552597634612,12672515567,497042992995488
1046,2092,6,248839426510223,752283689682767,12672515567,499713171124390
1047,2094,6,249888422857746,756029915909370,12672515567,502395266825022
1048,2096,6,250940595806875,759791322641813,12672515567,505089320102496
1049,2098,6,251995951591402,763567956302030,12672515567,507795371050412
1050,2100,6,253054496451077,767359863406593,12672515567,510513459850954
1051,2102,6,254116236631608,771167090566808,12672515567,513243626774986
1052,2104,6,255181178384661,774989684488811,12672515567,515985912182148
1053,2106,6,256249327967860,778827691973664,12672515567,518740356520952
1054,2108,6,257320691644787,782681159917451,12672515567,521507000328878
1055,2110,6,258395275684982,786550135311374,12672515567,524285884232470
1056,2112,6,259473086363943,790434665241849,12672515567,527077048947432
1057,2114,6,260554129963126,794334796890602,12672515567,529880535278724
1058,2116,6,261638412769945,798250577534765,12672515567,532696384120658
1059,2118,6,262725941077772,802182054546972,12672515567,535524636456994
1060,2120,6,263816721185937,806129275395455,12672515567,538365333361036
1061,2122,6,264910759399728,810092287644140,12672515567,541218515995728
1062,2124,6,266008062030391,814071138952743,12672515567,544084225613750
1063,2126,6,267108635395130,818065877076866,12672515567,546962503557614
1064,2128,6,268212485817107,822076549868093,12672515567,549853391259760
1065,2130,6,269319619625442,826103205274086,12672515567,552756930242652
1066,2132,6,270430043155213,830145891338681,12672515567,555673162118874
1067,2134,6,271543762747456,834204656201984,12672515567,558602128591226
1068,2136,6,272660784749165,838279548100467,12672515567,561543871452820
1069,2138,6,273781115513292,842370615367064,12672515567,564498432587176
1070,2140,6,274904761398747,846477906431267,12672515567,567465853968318
1071,2142,6,276031728770398,850601469819222,12672515567,570446177660870
1072,2144,6,277162023999071,854741354153825,12672515567,573439445820152
1073,2146,6,278295653461550,858897608154818,12672515567,576445700692276
1074,2148,6,279432623540577,863070280638885,12672515567,579464984614242
1075,2150,6,280572940624852,867259420519748,12672515567,582497340014034
1076,2152,6,281716611109033,871465076808263,12672515567,585542809410716
1077,2154,6,282863641393736,875687298612516,12672515567,588601435414528
1078,2156,6,284014037885535,879926135137919,12672515567,591673260726982
1079,2158,6,285167806996962,884181635687306,12672515567,594758328140958
1080,2160,6,286324955146507,888453849661029,12672515567,597856680540800
1081,2162,6,287485488758618,892742826557054,12672515567,600968360902412
1082,2164,6,288649414263701,897048615971057,12672515567,604093412293354
1083,2166,6,289816738098120,901371267596520,12672515567,607231877872938
1084,2168,6,290987466704197,905710831224827,12672515567,610383800892324
1085,2170,6,292161606530212,910067356745360,12672515567,613549224694616
1086,2172,6,293339164030403,914440894145595,12672515567,616728192714958
1087,2174,6,294520145664966,918831493511198,12672515567,619920748480630
1088,2176,6,295704557900055,923239205026121,12672515567,623126935611144
1089,2178,6,296892407207782,927664078972698,12672515567,626346797818340
1090,2180,6,298083700066217,932106165731741,12672515567,629580378906482
1091,2182,6,299278442959388,936565515782636,12672515567,632827722772354
1092,2184,6,300476642377281,941042179703439,12672515567,636088873405356
1093,2186,6,301678304815840,945536208170972,12672515567,639363874887600
1094,2188,6,302883436776967,950047651960919,12672515567,642652771394006
1095,2190,6,304092044768522,954576561947922,12672515567,645955607192398
1096,2192,6,305304135304323,959122989105677,12672515567,649272426643600
1097,2194,6,306519714904146,963686984507030,12672515567,652603274201532
1098,2196,6,307738790093725,968268599324073,12672515567,655948194413306
1099,2198,6,308961367404752,972867884828240,12672515567,659307231919322
1100,2200,6,310187453374877,977484892390403,12672515567,662680431453364
1101,2202,6,311417054547708,982119673480968,12672515567,666067837842696
1102,2204,6,312650177472811,986772279669971,12672515567,669469496008158
1103,2206,6,313886828705710,991442762627174,12672515567,672885450964262
1104,2208,6,315127014807887,996131174122161,12672515567,676315747819288
1105,2210,6,316370742346782,1000837566024434,12672515567,679760431775380
1106,2212,6,317618017895793,1005561990303509,12672515567,683219548128642
1107,2214,6,318868848034276,1010304499029012,12672515567,686693142269234
1108,2216,6,320123239347545,1015065144370775,12672515567,690181259681468
1109,2218,6,321381198426872,1019843978598932,12672515567,693683945943904
1110,2220,6,322642731869487,1024641054084015,12672515567,697201246729446
1111,2222,6,323907846278578,1029456423297050,12672515567,700733207805438
1112,2224,6,325176548263291,1034290138809653,12672515567,704279875033760
1113,2226,6,326448844438730,1039142253294126,12672515567,707841294370924
1114,2228,6,327724741425957,1044012819523553,12672515567,711417511868170
1115,2230,6,329004245851992,1048901890371896,12672515567,715008573671562
1116,2232,6,330287364349813,1053809518814091,12672515567,718614526022084
1117,2234,6,331574103558356,1058735757926144,12672515567,722235415255736
1118,2236,6,332864470122515,1063680660885227,12672515567,725871287803630
1119,2238,6,334158470693142,1068644280969774,12672515567,729522190192086
1120,2240,6,335456111927047,1073626671559577,12672515567,733188169042728
1121,2242,6,336757400486998,1078627886135882,12672515567,736869271072580
1122,2244,6,338062343041721,1083647978281485,12672515567,740565543094162
1123,2246,6,339370946265900,1088687001680828,12672515567,744277032015586
1124,2248,6,340683216840177,1093745010120095,12672515567,748003784840652
1125,2250,6,341999161451152,1098822057487308,12672515567,751745848668944
1126,2252,6,343318786791383,1103918197772423,12672515567,755503270695926
1127,2254,6,344642099559386,1109033485067426,12672515567,759276098213038
1128,2256,6,345969106459635,1114167973566429,12672515567,763064378607792
1129,2258,6,347299814202562,1119321717565766,12672515567,766868159363868
1130,2260,6,348634229504557,1124494771464089,12672515567,770687488061210
1131,2262,6,349972359087968,1129687189762464,12672515567,774522412376122
1132,2264,6,351314209681101,1134899027064467,12672515567,778372980081364
1133,2266,6,352659788018220,1140130338076280,12672515567,782239239046248
1134,2268,6,354009100839547,1145381177606787,12672515567,786121237236734
1135,2270,6,355362154891262,1150651600567670,12672515567,790019022715526
1136,2272,6,356718956925503,1155941661973505,12672515567,793932643642168
1137,2274,6,358079513700366,1161251416941858,12672515567,797862148273140
1138,2276,6,359443831979905,1166580920693381,12672515567,801807584961954
1139,2278,6,360811918534132,1171930228551908,12672515567,805769002159250
1140,2280,6,362183780139017,1177299395944551,12672515567,809746448412892
1141,2282,6,363559423576488,1182688478401796,12672515567,813739972368064
1142,2284,6,364938855634431,1188097531557599,12672515567,817749622767366
1143,2286,6,366322083106690,1193526611149482,12672515567,821775448450910
1144,2288,6,367709112793067,1198975773018629,12672515567,825817498356416
1145,2290,6,369099951499322,1204445073109982,12672515567,829875821519308
1146,2292,6,370494606037173,1209934567472337,12672515567,833950467072810
1147,2294,6,371893083224296,1215444312258440,12672515567,838041484248042
1148,2296,6,373295389884325,1220974363725083,12672515567,842148922374116
1149,2298,6,374701532846852,1226524778233200,12672515567,846272830878232
1150,2300,6,376111518947427,1232095612247963,12672515567,850413259285774
1151,2302,6,377525355027558,1237686922338878,12672515567,854570257220406
1152,2304,6,378943047934711,1243298765179881,12672515567,858743874404168
1153,2306,6,380364604522310,1248931197549434,12672515567,862934160657572
1154,2308,6,381790031649737,1254584276330621,12672515567,867141165899698
1155,2310,6,383219336182332,1260258058511244,12672515567,871364940148290
1156,2312,6,384652524991393,1265952601183919,12672515567,875605533519852
1157,2314,6,386089604954176,1271667961546172,12672515567,879862996229744
1158,2316,6,387530582953895,1277404196900535,12672515567,884137378592278
1159,2318,6,388975465879722,1283161364654642,12672515567,888428731020814
1160,2320,6,390424260626787,1288939522321325,12672515567,892737104027856
1161,2322,6,391876974096178,1294738727518710,12672515567,897062548225148
1162,2324,6,393333613194941,1300559037970313,12672515567,901405114323770
1163,2326,6,394794184836080,1306400511505136,12672515567,905764853134234
1164,2328,6,396258695938557,1312263206057763,12672515567,910141815566580
1165,2330,6,397727153427292,1318147179668456,12672515567,914536052630472
1166,2332,6,399199564233163,1324052490483251,12672515567,918947615435294
1167,2334,6,400675935293006,1329979196754054,12672515567,923376555190246
1168,2336,6,402156273549615,1335927356838737,12672515567,927822923204440
1169,2338,6,403640585951742,1341897029201234,12672515567,932286770886996
1170,2340,6,405128879454097,1347888272411637,12672515567,936768149747138
1171,2342,6,406621161017348,1353901145146292,12672515567,941267111394290
